Visits,Pageviews,BounceRate,Output
10,4,0.2,[0.23993652]
100,100,0.2,[13.83855003]
90,60,0.5,[12.85200662]
1000,1000,0.1,[149.65559386]
10,12,0.3,[0.41328545]
